condition,episodes,flash_every,flash_len,full_observable,mean_reward,po_mode,policy,seed,success_rate,task
FO,60,5,1,True,525.254964003164,weak,lstm,0,0.16666666666666666,button-press-topdown-v3
StrongPO,60,5,1,False,181.01483886597183,strong,lstm,0,0.0,button-press-topdown-v3
WeakPO,60,5,1,False,337.7076825838493,weak,lstm,0,0.0,button-press-topdown-v3
FO,60,5,1,True,492.7863927346369,weak,lstm,1,0.0,button-press-topdown-v3
StrongPO,60,5,1,False,252.83005748827821,strong,lstm,1,0.0,button-press-topdown-v3
WeakPO,60,5,1,False,414.3043089350659,weak,lstm,1,0.016666666666666666,button-press-topdown-v3
FO,60,5,1,True,533.7316139567412,weak,lstm,2,0.0,button-press-topdown-v3
StrongPO,60,5,1,False,152.5685497503835,strong,lstm,2,0.0,button-press-topdown-v3
WeakPO,60,5,1,False,401.7222625463971,weak,lstm,2,0.0,button-press-topdown-v3
FO,60,5,1,True,512.8407140536349,weak,lstm,3,0.0,button-press-topdown-v3
StrongPO,60,5,1,False,432.04911780118977,strong,lstm,3,0.15,button-press-topdown-v3
WeakPO,60,5,1,False,470.698929300173,weak,lstm,3,0.15,button-press-topdown-v3
FO,60,5,1,True,541.1739369699851,weak,lstm,4,0.7666666666666667,button-press-topdown-v3
StrongPO,60,5,1,False,184.60002822303457,strong,lstm,4,0.0,button-press-topdown-v3
WeakPO,60,5,1,False,379.5443569173159,weak,lstm,4,0.016666666666666666,button-press-topdown-v3
FO,60,5,1,True,519.1118868967686,weak,mlp,0,0.0,button-press-topdown-v3
StrongPO,60,5,1,False,166.68833868197734,strong,mlp,0,0.0,button-press-topdown-v3
WeakPO,60,5,1,False,379.36323328969564,weak,mlp,0,0.0,button-press-topdown-v3
FO,60,5,1,True,452.31180423429726,weak,mlp,1,0.0,button-press-topdown-v3
StrongPO,60,5,1,False,303.8686245605096,strong,mlp,1,0.0,button-press-topdown-v3
WeakPO,60,5,1,False,380.3365293093624,weak,mlp,1,0.0,button-press-topdown-v3
FO,60,5,1,True,497.6135792268414,weak,mlp,2,0.0,button-press-topdown-v3
StrongPO,60,5,1,False,376.79400486056085,strong,mlp,2,0.0,button-press-topdown-v3
WeakPO,60,5,1,False,525.4143302884506,weak,mlp,2,0.31666666666666665,button-press-topdown-v3
FO,60,5,1,True,485.124032095261,weak,mlp,3,0.0,button-press-topdown-v3
StrongPO,60,5,1,False,264.92797365339084,strong,mlp,3,0.0,button-press-topdown-v3
WeakPO,60,5,1,False,465.7975034475934,weak,mlp,3,0.0,button-press-topdown-v3
FO,60,5,1,True,483.5478552134847,weak,mlp,4,0.0,button-press-topdown-v3
StrongPO,60,5,1,False,310.0871389738902,strong,mlp,4,0.0,button-press-topdown-v3
WeakPO,60,5,1,False,379.2748760963883,weak,mlp,4,0.08333333333333333,button-press-topdown-v3
FO,60,5,1,True,298.21298120709724,weak,lstm,0,0.0,door-open-v3
StrongPO,60,5,1,False,119.19223182104966,strong,lstm,0,0.0,door-open-v3
WeakPO,60,5,1,False,219.7896213957714,weak,lstm,0,0.0,door-open-v3
FO,60,5,1,True,830.4136096012375,weak,lstm,1,0.5666666666666667,door-open-v3
StrongPO,60,5,1,False,82.17648800352285,strong,lstm,1,0.0,door-open-v3
WeakPO,60,5,1,False,386.5606568324643,weak,lstm,1,0.016666666666666666,door-open-v3
FO,60,5,1,True,903.120857521282,weak,lstm,2,0.65,door-open-v3
StrongPO,60,5,1,False,400.7237417631726,strong,lstm,2,0.6833333333333333,door-open-v3
WeakPO,60,5,1,False,105.1755412579657,weak,lstm,2,0.0,door-open-v3
FO,60,5,1,True,339.38313394109076,weak,lstm,3,0.0,door-open-v3
StrongPO,60,5,1,False,145.37417109101438,strong,lstm,3,0.0,door-open-v3
WeakPO,60,5,1,False,341.02269147047906,weak,lstm,3,0.0,door-open-v3
FO,60,5,1,True,1108.0422116840884,weak,lstm,4,0.9333333333333333,door-open-v3
StrongPO,60,5,1,False,901.4335857382998,strong,lstm,4,0.9166666666666666,door-open-v3
WeakPO,60,5,1,False,497.77529603178743,weak,lstm,4,0.48333333333333334,door-open-v3
FO,60,5,1,True,972.7116828271639,weak,mlp,0,0.36666666666666664,door-open-v3
StrongPO,60,5,1,False,111.42446722541881,strong,mlp,0,0.0,door-open-v3
WeakPO,60,5,1,False,293.0858795011349,weak,mlp,0,0.06666666666666667,door-open-v3
FO,60,5,1,True,1544.9754670716654,weak,mlp,1,1.0,door-open-v3
StrongPO,60,5,1,False,76.7200389489472,strong,mlp,1,0.0,door-open-v3
WeakPO,60,5,1,False,121.90204179429468,weak,mlp,1,0.0,door-open-v3
FO,60,5,1,True,547.6987595226692,weak,mlp,2,0.0,door-open-v3
StrongPO,60,5,1,False,212.54465118284352,strong,mlp,2,0.0,door-open-v3
WeakPO,60,5,1,False,263.3165661249175,weak,mlp,2,0.0,door-open-v3
FO,60,5,1,True,611.0918655958598,weak,mlp,3,0.11666666666666667,door-open-v3
StrongPO,60,5,1,False,128.18405792717587,strong,mlp,3,0.0,door-open-v3
WeakPO,60,5,1,False,389.5623136708166,weak,mlp,3,0.0,door-open-v3
FO,60,5,1,True,784.4342611953388,weak,mlp,4,0.2,door-open-v3
StrongPO,60,5,1,False,162.04226909309074,strong,mlp,4,0.016666666666666666,door-open-v3
WeakPO,60,5,1,False,723.4883076841764,weak,mlp,4,0.36666666666666664,door-open-v3
FO,60,5,1,True,75.34346598695393,weak,lstm,0,0.05,push-v3
StrongPO,60,5,1,False,2.2025804427303757,strong,lstm,0,0.0,push-v3
WeakPO,60,5,1,False,65.48014405094393,weak,lstm,0,0.03333333333333333,push-v3
FO,60,5,1,True,7.710868555757565,weak,lstm,1,0.0,push-v3
StrongPO,60,5,1,False,1.7017005376351968,strong,lstm,1,0.0,push-v3
WeakPO,60,5,1,False,57.61011382771408,weak,lstm,1,0.05,push-v3
FO,60,5,1,True,39.69811791969827,weak,lstm,2,0.03333333333333333,push-v3
StrongPO,60,5,1,False,6.533503378115728,strong,lstm,2,0.0,push-v3
WeakPO,60,5,1,False,15.394728131911618,weak,lstm,2,0.0,push-v3
FO,60,5,1,True,20.570229519768382,weak,lstm,3,0.0,push-v3
StrongPO,60,5,1,False,11.868810448734374,strong,lstm,3,0.016666666666666666,push-v3
WeakPO,60,5,1,False,5.619869773089216,weak,lstm,3,0.0,push-v3
FO,60,5,1,True,31.151927913028977,weak,lstm,4,0.03333333333333333,push-v3
StrongPO,60,5,1,False,9.343080438941607,strong,lstm,4,0.0,push-v3
WeakPO,60,5,1,False,39.80989154806079,weak,lstm,4,0.05,push-v3
FO,60,5,1,True,31.66558966122711,weak,mlp,0,0.03333333333333333,push-v3
StrongPO,60,5,1,False,22.101958532023165,strong,mlp,0,0.0,push-v3
WeakPO,60,5,1,False,23.061944213369127,weak,mlp,0,0.0,push-v3
FO,60,5,1,True,80.21177747579524,weak,mlp,1,0.05,push-v3
StrongPO,60,5,1,False,3.622277233302617,strong,mlp,1,0.0,push-v3
WeakPO,60,5,1,False,15.82623606095561,weak,mlp,1,0.016666666666666666,push-v3
FO,60,5,1,True,12.253326055408639,weak,mlp,2,0.0,push-v3
StrongPO,60,5,1,False,4.29629931916429,strong,mlp,2,0.0,push-v3
WeakPO,60,5,1,False,44.026577604570555,weak,mlp,2,0.016666666666666666,push-v3
FO,60,5,1,True,9.406924480790495,weak,mlp,3,0.0,push-v3
StrongPO,60,5,1,False,7.212947755213818,strong,mlp,3,0.0,push-v3
WeakPO,60,5,1,False,66.22249860182187,weak,mlp,3,0.1,push-v3
FO,60,5,1,True,201.82668617043774,weak,mlp,4,0.16666666666666666,push-v3
StrongPO,60,5,1,False,6.655656776903858,strong,mlp,4,0.0,push-v3
WeakPO,60,5,1,False,30.49571731242748,weak,mlp,4,0.03333333333333333,push-v3
FO,60,5,1,True,1782.9773927216877,weak,lstm,0,0.9666666666666667,reach-v3
StrongPO,60,5,1,False,389.3213173374778,strong,lstm,0,0.06666666666666667,reach-v3
WeakPO,60,5,1,False,388.8931025593791,weak,lstm,0,0.0,reach-v3
FO,60,5,1,True,1034.3120071128653,weak,lstm,1,0.13333333333333333,reach-v3
StrongPO,60,5,1,False,592.86585917619,strong,lstm,1,0.05,reach-v3
WeakPO,60,5,1,False,643.4876994317898,weak,lstm,1,0.15,reach-v3
FO,60,5,1,True,1646.1211296367655,weak,lstm,2,0.7833333333333333,reach-v3
StrongPO,60,5,1,False,701.7653609272464,strong,lstm,2,0.08333333333333333,reach-v3
WeakPO,60,5,1,False,784.4801258892263,weak,lstm,2,0.05,reach-v3
FO,60,5,1,True,1668.9598694094282,weak,lstm,3,0.8833333333333333,reach-v3
StrongPO,60,5,1,False,273.29007176817953,strong,lstm,3,0.0,reach-v3
WeakPO,60,5,1,False,280.28557404737614,weak,lstm,3,0.0,reach-v3
FO,60,5,1,True,1414.5365253631467,weak,lstm,4,0.6666666666666666,reach-v3
StrongPO,60,5,1,False,491.83642271271117,strong,lstm,4,0.0,reach-v3
WeakPO,60,5,1,False,599.5088424226104,weak,lstm,4,0.03333333333333333,reach-v3
FO,60,5,1,True,1296.2875760923457,weak,mlp,0,0.36666666666666664,reach-v3
StrongPO,60,5,1,False,215.77726152299837,strong,mlp,0,0.0,reach-v3
WeakPO,60,5,1,False,255.10242150962793,weak,mlp,0,0.0,reach-v3
FO,60,5,1,True,1757.3070315952448,weak,mlp,1,0.85,reach-v3
StrongPO,60,5,1,False,113.02601404369992,strong,mlp,1,0.0,reach-v3
WeakPO,60,5,1,False,160.04010729547133,weak,mlp,1,0.0,reach-v3
FO,60,5,1,True,1078.6345358363296,weak,mlp,2,0.23333333333333334,reach-v3
StrongPO,60,5,1,False,436.9500955228248,strong,mlp,2,0.0,reach-v3
WeakPO,60,5,1,False,696.4597571062324,weak,mlp,2,0.05,reach-v3
FO,60,5,1,True,1537.6690710193718,weak,mlp,3,0.55,reach-v3
StrongPO,60,5,1,False,97.81951764836957,strong,mlp,3,0.0,reach-v3
WeakPO,60,5,1,False,106.41820839411064,weak,mlp,3,0.0,reach-v3
FO,60,5,1,True,1676.1405962670817,weak,mlp,4,0.5,reach-v3
StrongPO,60,5,1,False,173.50588291557614,strong,mlp,4,0.0,reach-v3
WeakPO,60,5,1,False,386.96392017418145,weak,mlp,4,0.11666666666666667,reach-v3
